,file,name,enum,xmean,xrmse,PC,CE,EW
0,trends-TP/cmip6-ts/ACCESS-CM2:r1i1p1f1_2040.nc,ACCESS-CM2,1i1p1f1_2040.nc,1.5072827339172363,1.1235424280166626,-0.20959632098674774,-0.060088396072387695,-0.26799440383911133
1,trends-TP/cmip6-ts/ACCESS-CM2:r2i1p1f1_2040.nc,ACCESS-CM2,2i1p1f1_2040.nc,1.745923638343811,1.3712900876998901,-0.6057567596435547,-0.10259389877319336,-0.3107234239578247
2,trends-TP/cmip6-ts/ACCESS-CM2:r3i1p1f1_2040.nc,ACCESS-CM2,3i1p1f1_2040.nc,1.414383888244629,1.020470142364502,0.12591396272182465,0.09764266014099121,0.05122673511505127
3,trends-TP/cmip6-ts/AWI-CM-1-1-MR:r1i1p1f1_2040.nc,AWI-CM-1-1-MR,1i1p1f1_2040.nc,1.06978178024292,0.6966424584388733,0.0393458791077137,-0.005743741989135742,0.010790228843688965
4,trends-TP/cmip6-ts/BCC-CSM2-MR:r1i1p1f1_2040.nc,BCC-CSM2-MR,1i1p1f1_2040.nc,1.2090660333633423,0.8567401170730591,-0.4017236530780792,-0.3154287338256836,-0.17875170707702637
5,trends-TP/cmip6-ts/CAMS-CSM1-0:r1i1p1f1_2040.nc,CAMS-CSM1-0,1i1p1f1_2040.nc,0.9193787574768066,0.6114670634269714,-0.5094162225723267,-0.06905388832092285,-0.28702694177627563
6,trends-TP/cmip6-ts/CAMS-CSM1-0:r2i1p1f1_2040.nc,CAMS-CSM1-0,2i1p1f1_2040.nc,0.9316340088844299,0.6049106121063232,-0.385676771402359,-0.10921323299407959,-0.12245380878448486
7,trends-TP/cmip6-ts/CAS-ESM2-0:r1i1p1f1_2040.nc,CAS-ESM2-0,1i1p1f1_2040.nc,1.0711191892623901,0.7150291204452515,0.00019555618928279728,0.01697385311126709,-0.11436784267425537
8,trends-TP/cmip6-ts/CAS-ESM2-0:r3i1p1f1_2040.nc,CAS-ESM2-0,3i1p1f1_2040.nc,0.9299425482749939,0.5981073975563049,0.10560326278209686,0.13695722818374634,-0.21568536758422852
9,trends-TP/cmip6-ts/CESM2-WACCM:r1i1p1f1_2040.nc,CESM2-WACCM,1i1p1f1_2040.nc,1.8027033805847168,1.461471676826477,-0.45337265729904175,-0.29767394065856934,-0.6874926090240479
10,trends-TP/cmip6-ts/CESM2-WACCM:r2i1p1f1_2040.nc,CESM2-WACCM,2i1p1f1_2040.nc,1.7485072612762451,1.4140293598175049,-0.42713966965675354,-0.47593116760253906,-0.6371557712554932
11,trends-TP/cmip6-ts/CESM2-WACCM:r3i1p1f1_2040.nc,CESM2-WACCM,3i1p1f1_2040.nc,1.4815123081207275,1.1101971864700317,-0.4431595504283905,-0.12533330917358398,-0.35767662525177
12,trends-TP/cmip6-ts/CESM2:r10i1p1f1_2040.nc,CESM2,10i1p1f1_2040.nc,1.432411551475525,1.0941389799118042,-0.4301881194114685,-0.22481536865234375,-0.6484284400939941
13,trends-TP/cmip6-ts/CESM2:r11i1p1f1_2040.nc,CESM2,11i1p1f1_2040.nc,1.2482107877731323,0.9321114420890808,-0.1135244220495224,-0.2999814748764038,-0.5700215101242065
14,trends-TP/cmip6-ts/CESM2:r4i1p1f1_2040.nc,CESM2,4i1p1f1_2040.nc,1.3138092756271362,0.9553889632225037,-0.2588302791118622,-0.18761157989501953,-0.16217494010925293
15,trends-TP/cmip6-ts/CIESM:r1i1p1f1_2040.nc,CIESM,1i1p1f1_2040.nc,1.864625334739685,1.49167799949646,-0.49865350127220154,-0.18662762641906738,-0.3549889326095581
16,trends-TP/cmip6-ts/CMCC-CM2-SR5:r1i1p1f1_2040.nc,CMCC-CM2-SR5,1i1p1f1_2040.nc,1.526904821395874,1.1421481370925903,-0.16683229804039001,-0.1322011947631836,0.11003506183624268
17,trends-TP/cmip6-ts/CMCC-ESM2:r1i1p1f1_2040.nc,CMCC-ESM2,1i1p1f1_2040.nc,1.245033621788025,0.882993757724762,-0.3771199584007263,-0.07145774364471436,-0.40518105030059814
18,trends-TP/cmip6-ts/CNRM-CM6-1-HR:r1i1p1f2_2040.nc,CNRM-CM6-1-HR,1i1p1f2_2040.nc,1.2500828504562378,0.8641830682754517,-0.18902575969696045,0.05430471897125244,-0.042414307594299316
19,trends-TP/cmip6-ts/CNRM-CM6-1:r1i1p1f2_2040.nc,CNRM-CM6-1,1i1p1f2_2040.nc,1.2212129831314087,0.8421569466590881,0.14015892148017883,0.07301616668701172,0.348971962928772
20,trends-TP/cmip6-ts/CNRM-CM6-1:r2i1p1f2_2040.nc,CNRM-CM6-1,2i1p1f2_2040.nc,1.2490012645721436,0.8611578345298767,-0.007501606829464436,0.10785138607025146,0.08112442493438721
21,trends-TP/cmip6-ts/CNRM-CM6-1:r3i1p1f2_2040.nc,CNRM-CM6-1,3i1p1f2_2040.nc,1.3077980279922485,0.9153047204017639,-0.009535439312458038,0.041898250579833984,0.11951065063476562
22,trends-TP/cmip6-ts/CNRM-CM6-1:r4i1p1f2_2040.nc,CNRM-CM6-1,4i1p1f2_2040.nc,1.2651838064193726,0.8865094184875488,-0.1550334095954895,0.006630659103393555,-0.19309628009796143
23,trends-TP/cmip6-ts/CNRM-CM6-1:r5i1p1f2_2040.nc,CNRM-CM6-1,5i1p1f2_2040.nc,1.2203314304351807,0.8301849365234375,0.0851539671421051,0.1623833179473877,0.005122184753417969
24,trends-TP/cmip6-ts/CNRM-CM6-1:r6i1p1f2_2040.nc,CNRM-CM6-1,6i1p1f2_2040.nc,1.255936622619629,0.862899661064148,0.10355917364358902,0.04945671558380127,-0.013061046600341797
25,trends-TP/cmip6-ts/CNRM-ESM2-1:r10i1p1f2_2040.nc,CNRM-ESM2-1,10i1p1f2_2040.nc,1.1145340204238892,0.739518404006958,-0.13112445175647736,0.1590207815170288,-0.0455242395401001
26,trends-TP/cmip6-ts/CNRM-ESM2-1:r1i1p1f2_2040.nc,CNRM-ESM2-1,1i1p1f2_2040.nc,1.2854945659637451,0.9126961827278137,-0.13132762908935547,-0.003827333450317383,-0.22591900825500488
27,trends-TP/cmip6-ts/CNRM-ESM2-1:r2i1p1f2_2040.nc,CNRM-ESM2-1,2i1p1f2_2040.nc,1.0510013103485107,0.6909402012825012,-0.05576969310641289,0.019167542457580566,-0.17668581008911133
28,trends-TP/cmip6-ts/CNRM-ESM2-1:r3i1p1f2_2040.nc,CNRM-ESM2-1,3i1p1f2_2040.nc,0.8988675475120544,0.538663387298584,0.18427950143814087,0.14577805995941162,-0.07902002334594727
29,trends-TP/cmip6-ts/CNRM-ESM2-1:r4i1p1f2_2040.nc,CNRM-ESM2-1,4i1p1f2_2040.nc,1.1203417778015137,0.7354907989501953,0.12584728002548218,0.12712466716766357,0.11066222190856934
30,trends-TP/cmip6-ts/CNRM-ESM2-1:r5i1p1f2_2040.nc,CNRM-ESM2-1,5i1p1f2_2040.nc,1.2422196865081787,0.8573266863822937,0.1340869814157486,0.049204230308532715,-0.07510733604431152
31,trends-TP/cmip6-ts/CNRM-ESM2-1:r7i1p1f2_2040.nc,CNRM-ESM2-1,7i1p1f2_2040.nc,0.9861392974853516,0.6304891109466553,-0.4159909188747406,0.0129852294921875,-0.04911231994628906
32,trends-TP/cmip6-ts/CNRM-ESM2-1:r8i1p1f2_2040.nc,CNRM-ESM2-1,8i1p1f2_2040.nc,1.0596206188201904,0.6736825704574585,0.3018101751804352,0.19779729843139648,0.06003600358963013
33,trends-TP/cmip6-ts/CNRM-ESM2-1:r9i1p1f2_2040.nc,CNRM-ESM2-1,9i1p1f2_2040.nc,0.9986905455589294,0.6077488660812378,0.48960021138191223,0.21556639671325684,0.24574947357177734
34,trends-TP/cmip6-ts/CanESM5-CanOE:r1i1p2f1_2040.nc,CanESM5-CanOE,1i1p2f1_2040.nc,1.8812596797943115,1.490493893623352,-0.11464771628379822,-0.15593409538269043,-0.18319320678710938
35,trends-TP/cmip6-ts/CanESM5-CanOE:r2i1p2f1_2040.nc,CanESM5-CanOE,2i1p2f1_2040.nc,1.902899146080017,1.5084093809127808,-0.23451311886310577,-0.14050042629241943,-0.19201445579528809
36,trends-TP/cmip6-ts/CanESM5-CanOE:r3i1p2f1_2040.nc,CanESM5-CanOE,3i1p2f1_2040.nc,1.993167519569397,1.599936604499817,-0.23065486550331116,-0.18239355087280273,-0.201604962348938
37,trends-TP/cmip6-ts/CanESM5:r10i1p1f1_2040.nc,CanESM5,10i1p1f1_2040.nc,1.7960113286972046,1.4078736305236816,-0.11111095547676086,-0.1420496702194214,-0.20836353302001953
38,trends-TP/cmip6-ts/CanESM5:r10i1p2f1_2040.nc,CanESM5,10i1p2f1_2040.nc,2.09232497215271,1.6945542097091675,-0.34547823667526245,-0.1558077335357666,-0.06388354301452637
39,trends-TP/cmip6-ts/CanESM5:r11i1p1f1_2040.nc,CanESM5,11i1p1f1_2040.nc,2.142491340637207,1.7466442584991455,-0.4050028920173645,-0.24024605751037598,-0.07385826110839844
40,trends-TP/cmip6-ts/CanESM5:r11i1p2f1_2040.nc,CanESM5,11i1p2f1_2040.nc,2.0807578563690186,1.6751179695129395,-0.251553475856781,-0.11828351020812988,-0.04496264457702637
41,trends-TP/cmip6-ts/CanESM5:r12i1p1f1_2040.nc,CanESM5,12i1p1f1_2040.nc,1.9190080165863037,1.523061990737915,-0.2820289433002472,-0.1533057689666748,-0.09961998462677002
42,trends-TP/cmip6-ts/CanESM5:r12i1p2f1_2040.nc,CanESM5,12i1p2f1_2040.nc,1.874220848083496,1.4682114124298096,0.043883319944143295,-0.04929816722869873,0.014365315437316895
43,trends-TP/cmip6-ts/CanESM5:r13i1p1f1_2040.nc,CanESM5,13i1p1f1_2040.nc,2.0116865634918213,1.6147311925888062,-0.3185010850429535,-0.16338586807250977,-0.10765504837036133
44,trends-TP/cmip6-ts/CanESM5:r13i1p2f1_2040.nc,CanESM5,13i1p2f1_2040.nc,1.9770563840866089,1.5853773355484009,-0.14391782879829407,-0.21757352352142334,-0.17465174198150635
45,trends-TP/cmip6-ts/CanESM5:r14i1p1f1_2040.nc,CanESM5,14i1p1f1_2040.nc,1.9037054777145386,1.5107448101043701,-0.16595542430877686,-0.14925134181976318,-0.1994946002960205
46,trends-TP/cmip6-ts/CanESM5:r14i1p2f1_2040.nc,CanESM5,14i1p2f1_2040.nc,2.022953510284424,1.6313071250915527,-0.4080332815647125,-0.20632576942443848,-0.13272714614868164
47,trends-TP/cmip6-ts/CanESM5:r15i1p1f1_2040.nc,CanESM5,15i1p1f1_2040.nc,2.022031545639038,1.6260287761688232,-0.19649505615234375,-0.18251252174377441,-0.073883056640625
48,trends-TP/cmip6-ts/CanESM5:r15i1p2f1_2040.nc,CanESM5,15i1p2f1_2040.nc,1.8670849800109863,1.4752222299575806,-0.2600077688694,-0.16271543502807617,-0.18853163719177246
49,trends-TP/cmip6-ts/CanESM5:r16i1p1f1_2040.nc,CanESM5,16i1p1f1_2040.nc,1.954292893409729,1.5502897500991821,-0.03437615931034088,-0.13666677474975586,-0.017299652099609375
50,trends-TP/cmip6-ts/CanESM5:r16i1p2f1_2040.nc,CanESM5,16i1p2f1_2040.nc,1.9022456407546997,1.5115172863006592,-0.2411978840827942,-0.1784820556640625,-0.026707172393798828
51,trends-TP/cmip6-ts/CanESM5:r17i1p1f1_2040.nc,CanESM5,17i1p1f1_2040.nc,2.028841018676758,1.6310032606124878,-0.2541522979736328,-0.18967390060424805,-0.002938508987426758
52,trends-TP/cmip6-ts/CanESM5:r17i1p2f1_2040.nc,CanESM5,17i1p2f1_2040.nc,2.0200858116149902,1.619333028793335,-0.17608027160167694,-0.13889837265014648,0.055068254470825195
53,trends-TP/cmip6-ts/CanESM5:r18i1p1f1_2040.nc,CanESM5,18i1p1f1_2040.nc,1.9183526039123535,1.5271902084350586,0.008057762868702412,-0.22549891471862793,-0.021097660064697266
54,trends-TP/cmip6-ts/CanESM5:r18i1p2f1_2040.nc,CanESM5,18i1p2f1_2040.nc,2.0608932971954346,1.6692019701004028,-0.2565823197364807,-0.24280858039855957,-0.13965106010437012
55,trends-TP/cmip6-ts/CanESM5:r19i1p1f1_2040.nc,CanESM5,19i1p1f1_2040.nc,2.0190043449401855,1.6179600954055786,-0.15591801702976227,-0.14338421821594238,-0.12944698333740234
56,trends-TP/cmip6-ts/CanESM5:r19i1p2f1_2040.nc,CanESM5,19i1p2f1_2040.nc,2.115856170654297,1.7179760932922363,-0.2554851472377777,-0.15699458122253418,-0.2157740592956543
57,trends-TP/cmip6-ts/CanESM5:r1i1p1f1_2040.nc,CanESM5,1i1p1f1_2040.nc,1.9938265085220337,1.601051926612854,-0.2538130581378937,-0.21871066093444824,-0.1372358798980713
58,trends-TP/cmip6-ts/CanESM5:r1i1p2f1_2040.nc,CanESM5,1i1p2f1_2040.nc,1.8812596797943115,1.490493893623352,-0.11464771628379822,-0.15593409538269043,-0.18319320678710938
59,trends-TP/cmip6-ts/CanESM5:r20i1p1f1_2040.nc,CanESM5,20i1p1f1_2040.nc,2.073129177093506,1.6722725629806519,-0.35279256105422974,-0.13791394233703613,-0.12624502182006836
60,trends-TP/cmip6-ts/CanESM5:r20i1p2f1_2040.nc,CanESM5,20i1p2f1_2040.nc,2.048229694366455,1.6468262672424316,-0.3777690827846527,-0.09439921379089355,-0.14589190483093262
61,trends-TP/cmip6-ts/CanESM5:r21i1p1f1_2040.nc,CanESM5,21i1p1f1_2040.nc,1.9636483192443848,1.5627998113632202,-0.12000889331102371,-0.12132549285888672,0.04719281196594238
62,trends-TP/cmip6-ts/CanESM5:r21i1p2f1_2040.nc,CanESM5,21i1p2f1_2040.nc,1.9314011335372925,1.5316849946975708,-0.16737736761569977,-0.17325639724731445,-0.05185222625732422
63,trends-TP/cmip6-ts/CanESM5:r22i1p1f1_2040.nc,CanESM5,22i1p1f1_2040.nc,1.8406391143798828,1.4502626657485962,-0.07652842998504639,-0.14519906044006348,-0.17180466651916504
64,trends-TP/cmip6-ts/CanESM5:r22i1p2f1_2040.nc,CanESM5,22i1p2f1_2040.nc,2.0060338973999023,1.608361840248108,-0.16127772629261017,-0.1692829132080078,-0.14613890647888184
65,trends-TP/cmip6-ts/CanESM5:r23i1p1f1_2040.nc,CanESM5,23i1p1f1_2040.nc,1.9862534999847412,1.5910406112670898,-0.22445614635944366,-0.1849071979522705,-0.11600327491760254
66,trends-TP/cmip6-ts/CanESM5:r23i1p2f1_2040.nc,CanESM5,23i1p2f1_2040.nc,2.083775043487549,1.6893270015716553,-0.46321314573287964,-0.18433094024658203,-0.15868878364562988
67,trends-TP/cmip6-ts/CanESM5:r24i1p1f1_2040.nc,CanESM5,24i1p1f1_2040.nc,2.090397357940674,1.6939895153045654,-0.3711419701576233,-0.1847059726715088,-0.10912442207336426
68,trends-TP/cmip6-ts/CanESM5:r24i1p2f1_2040.nc,CanESM5,24i1p2f1_2040.nc,2.181905508041382,1.7832890748977661,-0.3957614600658417,-0.17382121086120605,-0.17781996726989746
69,trends-TP/cmip6-ts/CanESM5:r25i1p1f1_2040.nc,CanESM5,25i1p1f1_2040.nc,1.9304628372192383,1.5368200540542603,-0.15205137431621552,-0.2086946964263916,-0.08906316757202148
70,trends-TP/cmip6-ts/CanESM5:r25i1p2f1_2040.nc,CanESM5,25i1p2f1_2040.nc,1.9764246940612793,1.5805366039276123,-0.27877962589263916,-0.15304362773895264,-0.14635229110717773
71,trends-TP/cmip6-ts/CanESM5:r2i1p1f1_2040.nc,CanESM5,2i1p1f1_2040.nc,2.0581185817718506,1.6650474071502686,-0.1879543960094452,-0.24924850463867188,-0.15580058097839355
72,trends-TP/cmip6-ts/CanESM5:r2i1p2f1_2040.nc,CanESM5,2i1p2f1_2040.nc,1.902899146080017,1.5084093809127808,-0.23451311886310577,-0.14050042629241943,-0.19201445579528809
73,trends-TP/cmip6-ts/CanESM5:r3i1p1f1_2040.nc,CanESM5,3i1p1f1_2040.nc,1.7819666862487793,1.3876967430114746,-0.14848026633262634,-0.12254989147186279,-0.16486692428588867
74,trends-TP/cmip6-ts/CanESM5:r3i1p2f1_2040.nc,CanESM5,3i1p2f1_2040.nc,1.993167519569397,1.599936604499817,-0.23065486550331116,-0.18239355087280273,-0.201604962348938
75,trends-TP/cmip6-ts/CanESM5:r4i1p1f1_2040.nc,CanESM5,4i1p1f1_2040.nc,1.9044743776321411,1.5127537250518799,-0.15453645586967468,-0.18048465251922607,-0.1781524419784546
76,trends-TP/cmip6-ts/CanESM5:r4i1p2f1_2040.nc,CanESM5,4i1p2f1_2040.nc,1.9020707607269287,1.4985837936401367,-0.10987836867570877,-0.0660773515701294,-0.03961002826690674
77,trends-TP/cmip6-ts/CanESM5:r5i1p1f1_2040.nc,CanESM5,5i1p1f1_2040.nc,2.204300880432129,1.8124829530715942,-0.41044893860816956,-0.24816226959228516,-0.2460644245147705
78,trends-TP/cmip6-ts/CanESM5:r5i1p2f1_2040.nc,CanESM5,5i1p2f1_2040.nc,2.1889593601226807,1.796408772468567,-0.43514180183410645,-0.2256762981414795,-0.22374963760375977
79,trends-TP/cmip6-ts/CanESM5:r6i1p1f1_2040.nc,CanESM5,6i1p1f1_2040.nc,1.8651995658874512,1.4716899394989014,-0.11131729185581207,-0.1794530153274536,-0.14590692520141602
80,trends-TP/cmip6-ts/CanESM5:r6i1p2f1_2040.nc,CanESM5,6i1p2f1_2040.nc,1.923570990562439,1.5412355661392212,-0.2980082333087921,-0.1889781951904297,-0.41786396503448486
81,trends-TP/cmip6-ts/CanESM5:r7i1p1f1_2040.nc,CanESM5,7i1p1f1_2040.nc,2.016909122467041,1.6250466108322144,-0.3052980601787567,-0.23906397819519043,-0.08448243141174316
82,trends-TP/cmip6-ts/CanESM5:r7i1p2f1_2040.nc,CanESM5,7i1p2f1_2040.nc,1.935646891593933,1.545522689819336,-0.28809309005737305,-0.21468281745910645,-0.0834035873413086
83,trends-TP/cmip6-ts/CanESM5:r8i1p1f1_2040.nc,CanESM5,8i1p1f1_2040.nc,2.043940305709839,1.6547943353652954,-0.40841734409332275,-0.2205355167388916,-0.27154576778411865
84,trends-TP/cmip6-ts/CanESM5:r8i1p2f1_2040.nc,CanESM5,8i1p2f1_2040.nc,1.97194242477417,1.5778472423553467,-0.22913269698619843,-0.18235993385314941,0.0023374557495117188
85,trends-TP/cmip6-ts/CanESM5:r9i1p1f1_2040.nc,CanESM5,9i1p1f1_2040.nc,1.9726132154464722,1.578790545463562,-0.1483362764120102,-0.1866006851196289,-0.027275800704956055
86,trends-TP/cmip6-ts/CanESM5:r9i1p2f1_2040.nc,CanESM5,9i1p2f1_2040.nc,1.9736710786819458,1.5810301303863525,-0.049948785454034805,-0.21553564071655273,-0.1151585578918457
87,trends-TP/cmip6-ts/EC-Earth3-CC:r1i1p1f1_2040.nc,EC-Earth3-CC,1i1p1f1_2040.nc,1.3277846574783325,0.9967629909515381,-0.1993078738451004,-0.11770021915435791,-0.6305410861968994
88,trends-TP/cmip6-ts/EC-Earth3-Veg-LR:r1i1p1f1_2040.nc,EC-Earth3-Veg-LR,1i1p1f1_2040.nc,1.2632869482040405,0.8924258947372437,-0.2444598227739334,-0.06893599033355713,-0.2811462879180908
89,trends-TP/cmip6-ts/EC-Earth3-Veg-LR:r2i1p1f1_2040.nc,EC-Earth3-Veg-LR,2i1p1f1_2040.nc,1.13175368309021,0.7825638651847839,-0.2092200517654419,-0.04028642177581787,-0.3677735924720764
90,trends-TP/cmip6-ts/EC-Earth3-Veg-LR:r3i1p1f1_2040.nc,EC-Earth3-Veg-LR,3i1p1f1_2040.nc,1.248128890991211,0.855293333530426,0.26394546031951904,0.07335042953491211,0.14080846309661865
91,trends-TP/cmip6-ts/EC-Earth3-Veg:r12i1p1f1_2040.nc,EC-Earth3-Veg,12i1p1f1_2040.nc,1.2667186260223389,0.886186957359314,-0.2526995837688446,-0.02108752727508545,-0.16625916957855225
92,trends-TP/cmip6-ts/EC-Earth3-Veg:r14i1p1f1_2040.nc,EC-Earth3-Veg,14i1p1f1_2040.nc,1.3889435529708862,0.993974506855011,0.008911166340112686,0.03551805019378662,-0.0061359405517578125
93,trends-TP/cmip6-ts/EC-Earth3-Veg:r1i1p1f1_2040.nc,EC-Earth3-Veg,1i1p1f1_2040.nc,1.4516066312789917,1.0799328088760376,-0.20051011443138123,-0.009530901908874512,-0.41282951831817627
94,trends-TP/cmip6-ts/EC-Earth3-Veg:r2i1p1f1_2040.nc,EC-Earth3-Veg,2i1p1f1_2040.nc,1.590767741203308,1.2139348983764648,-0.14331887662410736,-0.05501115322113037,-0.4007488489151001
95,trends-TP/cmip6-ts/EC-Earth3-Veg:r3i1p1f1_2040.nc,EC-Earth3-Veg,3i1p1f1_2040.nc,1.282064437866211,0.9225762486457825,-0.3348155915737152,0.00675356388092041,-0.30714476108551025
96,trends-TP/cmip6-ts/EC-Earth3-Veg:r4i1p1f1_2040.nc,EC-Earth3-Veg,4i1p1f1_2040.nc,1.6189069747924805,1.2508516311645508,-0.5133159756660461,-0.08978056907653809,-0.36933648586273193
97,trends-TP/cmip6-ts/EC-Earth3-Veg:r5i1p1f1_2040.nc,EC-Earth3-Veg,5i1p1f1_2040.nc,1.4134215116500854,1.0769461393356323,-0.36388951539993286,-0.05810391902923584,-0.5702052116394043
98,trends-TP/cmip6-ts/EC-Earth3-Veg:r6i1p1f1_2040.nc,EC-Earth3-Veg,6i1p1f1_2040.nc,1.4428627490997314,1.040388822555542,0.2222042679786682,0.04428386688232422,0.18806815147399902
99,trends-TP/cmip6-ts/EC-Earth3:r10i1p1f1_2040.nc,EC-Earth3,10i1p1f1_2040.nc,1.1904082298278809,0.8831708431243896,-0.07336532324552536,0.020023703575134277,-0.6575733423233032
100,trends-TP/cmip6-ts/EC-Earth3:r11i1p1f1_2040.nc,EC-Earth3,11i1p1f1_2040.nc,1.379388451576233,1.034706950187683,-0.16643153131008148,-0.0681389570236206,-0.5169757604598999
101,trends-TP/cmip6-ts/EC-Earth3:r12i1p1f1_2040.nc,EC-Earth3,12i1p1f1_2040.nc,1.2335398197174072,0.8680240511894226,-0.08479240536689758,-0.032793641090393066,-0.3606611490249634
102,trends-TP/cmip6-ts/EC-Earth3:r13i1p1f1_2040.nc,EC-Earth3,13i1p1f1_2040.nc,1.2850935459136963,0.8942521214485168,0.07951394468545914,-0.02864861488342285,0.0008041858673095703
103,trends-TP/cmip6-ts/EC-Earth3:r14i1p1f1_2040.nc,EC-Earth3,14i1p1f1_2040.nc,1.469199299812317,1.0968903303146362,-0.19229024648666382,-0.09661853313446045,-0.37613046169281006
104,trends-TP/cmip6-ts/EC-Earth3:r15i1p1f1_2040.nc,EC-Earth3,15i1p1f1_2040.nc,1.1204018592834473,0.7832805514335632,-0.017088633030653,-0.018176913261413574,-0.4633062481880188
105,trends-TP/cmip6-ts/EC-Earth3:r16i1p1f1_2040.nc,EC-Earth3,16i1p1f1_2040.nc,1.301826000213623,0.9523555636405945,-0.17564305663108826,-0.026757001876831055,-0.5096301436424255
106,trends-TP/cmip6-ts/EC-Earth3:r17i1p1f1_2040.nc,EC-Earth3,17i1p1f1_2040.nc,1.2667346000671387,0.9352169632911682,-0.1730017513036728,0.011898159980773926,-0.6010234355926514
107,trends-TP/cmip6-ts/EC-Earth3:r18i1p1f1_2040.nc,EC-Earth3,18i1p1f1_2040.nc,1.284709095954895,0.9424470067024231,-0.2912595868110657,-0.12318480014801025,-0.5267609357833862
108,trends-TP/cmip6-ts/EC-Earth3:r19i1p1f1_2040.nc,EC-Earth3,19i1p1f1_2040.nc,1.2707836627960205,0.9018245339393616,-0.023713430389761925,0.06157410144805908,-0.29738306999206543
109,trends-TP/cmip6-ts/EC-Earth3:r1i1p1f1_2040.nc,EC-Earth3,1i1p1f1_2040.nc,1.6570528745651245,1.2844696044921875,-0.25377488136291504,-0.07837247848510742,-0.458687424659729
110,trends-TP/cmip6-ts/EC-Earth3:r20i1p1f1_2040.nc,EC-Earth3,20i1p1f1_2040.nc,1.3713265657424927,1.0376392602920532,-0.446198433637619,-0.08887302875518799,-0.6446959376335144
111,trends-TP/cmip6-ts/EC-Earth3:r21i1p1f1_2040.nc,EC-Earth3,21i1p1f1_2040.nc,1.4462268352508545,1.0734992027282715,-0.3679625689983368,-0.07110035419464111,-0.12871205806732178
112,trends-TP/cmip6-ts/EC-Earth3:r22i1p1f1_2040.nc,EC-Earth3,22i1p1f1_2040.nc,1.3717765808105469,1.0015523433685303,-0.3076416552066803,-0.11842668056488037,-0.043956637382507324
113,trends-TP/cmip6-ts/EC-Earth3:r23i1p1f1_2040.nc,EC-Earth3,23i1p1f1_2040.nc,1.440454363822937,1.060409665107727,-0.030504198744893074,0.011435747146606445,-0.27176177501678467
114,trends-TP/cmip6-ts/EC-Earth3:r24i1p1f1_2040.nc,EC-Earth3,24i1p1f1_2040.nc,1.1343313455581665,0.7778400778770447,-0.04203742370009422,0.016141057014465332,-0.30844539403915405
115,trends-TP/cmip6-ts/EC-Earth3:r25i1p1f1_2040.nc,EC-Earth3,25i1p1f1_2040.nc,1.1727045774459839,0.8341238498687744,-0.19764049351215363,-0.006564140319824219,-0.4974633455276489
116,trends-TP/cmip6-ts/EC-Earth3:r2i1p1f1_2040.nc,EC-Earth3,2i1p1f1_2040.nc,1.2400331497192383,0.8431097865104675,0.27599936723709106,0.051326751708984375,0.049724578857421875
117,trends-TP/cmip6-ts/EC-Earth3:r4i1p1f1_2040.nc,EC-Earth3,4i1p1f1_2040.nc,1.2525336742401123,0.8679191470146179,-0.11134425550699234,-0.049796462059020996,-0.07418966293334961
118,trends-TP/cmip6-ts/EC-Earth3:r6i1p1f1_2040.nc,EC-Earth3,6i1p1f1_2040.nc,1.4934544563293457,1.1246588230133057,-0.10475876927375793,-0.06415605545043945,-0.43590235710144043
119,trends-TP/cmip6-ts/EC-Earth3:r7i1p1f1_2040.nc,EC-Earth3,7i1p1f1_2040.nc,1.5409276485443115,1.1549896001815796,-0.03924140706658363,0.0035300254821777344,-0.21568477153778076
120,trends-TP/cmip6-ts/EC-Earth3:r9i1p1f1_2040.nc,EC-Earth3,9i1p1f1_2040.nc,1.3674424886703491,0.9979863166809082,-0.3351513743400574,-0.06916177272796631,-0.2765636444091797
121,trends-TP/cmip6-ts/FGOALS-f3-L:r1i1p1f1_2040.nc,FGOALS-f3-L,1i1p1f1_2040.nc,1.3951811790466309,1.0102689266204834,-0.23817920684814453,-0.017794489860534668,-0.1795516014099121
122,trends-TP/cmip6-ts/FGOALS-g3:r1i1p1f1_2040.nc,FGOALS-g3,1i1p1f1_2040.nc,1.2701932191848755,0.9072636961936951,-0.504718542098999,-0.11367809772491455,-0.13245761394500732
123,trends-TP/cmip6-ts/FGOALS-g3:r2i1p1f1_2040.nc,FGOALS-g3,2i1p1f1_2040.nc,1.1148371696472168,0.7750267386436462,-0.3568919599056244,-0.15931367874145508,-0.3775186538696289
124,trends-TP/cmip6-ts/FGOALS-g3:r3i1p1f1_2040.nc,FGOALS-g3,3i1p1f1_2040.nc,1.2080124616622925,0.8603267073631287,-0.24324922263622284,-0.0682821273803711,-0.4128234386444092
125,trends-TP/cmip6-ts/FGOALS-g3:r4i1p1f1_2040.nc,FGOALS-g3,4i1p1f1_2040.nc,1.237718939781189,0.8851834535598755,-0.3978051245212555,-0.016789793968200684,-0.3004629611968994
126,trends-TP/cmip6-ts/FIO-ESM-2-0:r1i1p1f1_2040.nc,FIO-ESM-2-0,1i1p1f1_2040.nc,1.385109782218933,1.0136059522628784,-0.48384004831314087,-0.19355058670043945,-0.2822502851486206
127,trends-TP/cmip6-ts/FIO-ESM-2-0:r2i1p1f1_2040.nc,FIO-ESM-2-0,2i1p1f1_2040.nc,1.4958832263946533,1.1195964813232422,-0.4309966266155243,-0.24807417392730713,-0.19715070724487305
128,trends-TP/cmip6-ts/FIO-ESM-2-0:r3i1p1f1_2040.nc,FIO-ESM-2-0,3i1p1f1_2040.nc,1.530551552772522,1.1620696783065796,-0.5645440220832825,-0.2769467830657959,-0.3743942975997925
129,trends-TP/cmip6-ts/GFDL-CM4:r1i1p1f1_2040.nc,GFDL-CM4,1i1p1f1_2040.nc,1.4857614040374756,1.0911133289337158,-0.08501607179641724,-0.027707219123840332,-0.04332137107849121
130,trends-TP/cmip6-ts/GFDL-ESM4:r1i1p1f1_2040.nc,GFDL-ESM4,1i1p1f1_2040.nc,1.3162484169006348,0.9577733874320984,-0.6007152199745178,-0.14665007591247559,-0.2549635171890259
131,trends-TP/cmip6-ts/GFDL-ESM4:r2i1p1f1_2040.nc,GFDL-ESM4,2i1p1f1_2040.nc,1.2257755994796753,0.8659443855285645,-0.4651128947734833,-0.09229207038879395,-0.13776755332946777
132,trends-TP/cmip6-ts/GFDL-ESM4:r3i1p1f1_2040.nc,GFDL-ESM4,3i1p1f1_2040.nc,1.4118738174438477,1.0373833179473877,-0.3671479821205139,-0.07154762744903564,0.023276209831237793
133,trends-TP/cmip6-ts/GISS-E2-1-G:r10i1p1f2_2040.nc,GISS-E2-1-G,10i1p1f2_2040.nc,1.4548829793930054,1.0784389972686768,-0.5829170346260071,-0.12210822105407715,-0.31303179264068604
134,trends-TP/cmip6-ts/GISS-E2-1-G:r1i1p3f1_2040.nc,GISS-E2-1-G,1i1p3f1_2040.nc,1.2153618335723877,0.845097541809082,-0.41216105222702026,-0.09766864776611328,-0.24136865139007568
135,trends-TP/cmip6-ts/GISS-E2-1-G:r1i1p5f1_2040.nc,GISS-E2-1-G,1i1p5f1_2040.nc,1.383009672164917,0.986691415309906,-0.016749918460845947,-0.03598296642303467,-0.03916585445404053
136,trends-TP/cmip6-ts/GISS-E2-1-G:r2i1p3f1_2040.nc,GISS-E2-1-G,2i1p3f1_2040.nc,1.3840018510818481,0.996497631072998,-0.1767788678407669,-0.05364525318145752,0.15186679363250732
137,trends-TP/cmip6-ts/GISS-E2-1-G:r2i1p5f1_2040.nc,GISS-E2-1-G,2i1p5f1_2040.nc,1.3385603427886963,0.9342061281204224,0.4054566025733948,0.08225440979003906,0.06647098064422607
138,trends-TP/cmip6-ts/GISS-E2-1-G:r3i1p3f1_2040.nc,GISS-E2-1-G,3i1p3f1_2040.nc,1.3111051321029663,0.9568124413490295,-0.6992953419685364,-0.11809933185577393,-0.38346540927886963
139,trends-TP/cmip6-ts/GISS-E2-1-G:r3i1p5f1_2040.nc,GISS-E2-1-G,3i1p5f1_2040.nc,1.498472809791565,1.1342576742172241,-0.40834030508995056,-0.16694939136505127,-0.5066591501235962
140,trends-TP/cmip6-ts/GISS-E2-1-G:r4i1p3f1_2040.nc,GISS-E2-1-G,4i1p3f1_2040.nc,1.2392157316207886,0.8561981916427612,-0.21492372453212738,-0.04761791229248047,-0.16519427299499512
141,trends-TP/cmip6-ts/GISS-E2-1-G:r4i1p5f1_2040.nc,GISS-E2-1-G,4i1p5f1_2040.nc,1.2945301532745361,0.9615886807441711,-0.10956427454948425,-0.08936727046966553,-0.6232095956802368
142,trends-TP/cmip6-ts/GISS-E2-1-G:r5i1p3f1_2040.nc,GISS-E2-1-G,5i1p3f1_2040.nc,1.0488868951797485,0.6993371844291687,-0.14363841712474823,-0.04170334339141846,-0.3723994493484497
143,trends-TP/cmip6-ts/GISS-E2-1-G:r6i1p1f2_2040.nc,GISS-E2-1-G,6i1p1f2_2040.nc,1.1099376678466797,0.7450851798057556,0.06486134976148605,0.044667720794677734,-0.3175100088119507
144,trends-TP/cmip6-ts/GISS-E2-1-G:r7i1p1f2_2040.nc,GISS-E2-1-G,7i1p1f2_2040.nc,1.4723600149154663,1.105371356010437,-0.6489826440811157,-0.14117062091827393,-0.17623615264892578
145,trends-TP/cmip6-ts/GISS-E2-1-G:r8i1p1f2_2040.nc,GISS-E2-1-G,8i1p1f2_2040.nc,1.4541271924972534,1.0849595069885254,-0.5785468220710754,-0.15039169788360596,-0.32132112979888916
146,trends-TP/cmip6-ts/GISS-E2-1-G:r9i1p1f2_2040.nc,GISS-E2-1-G,9i1p1f2_2040.nc,1.1590462923049927,0.7872598171234131,0.16377763450145721,0.027223706245422363,-0.21611511707305908
147,trends-TP/cmip6-ts/HadGEM3-GC31-LL:r1i1p1f3_2040.nc,HadGEM3-GC31-LL,1i1p1f3_2040.nc,1.8291306495666504,1.4426838159561157,-0.4966563284397125,-0.09722506999969482,-0.35511648654937744
148,trends-TP/cmip6-ts/IITM-ESM:r1i1p1f1_2040.nc,IITM-ESM,1i1p1f1_2040.nc,0.9933643937110901,0.6148134469985962,0.30995985865592957,0.07819384336471558,0.03363966941833496
149,trends-TP/cmip6-ts/INM-CM4-8:r1i1p1f1_2040.nc,INM-CM4-8,1i1p1f1_2040.nc,1.0095385313034058,0.6420730948448181,-0.2854856252670288,-0.07330679893493652,-0.06211972236633301
150,trends-TP/cmip6-ts/INM-CM5-0:r1i1p1f1_2040.nc,INM-CM5-0,1i1p1f1_2040.nc,1.051881194114685,0.694265604019165,-0.3425426483154297,-0.1721956729888916,-0.16031885147094727
151,trends-TP/cmip6-ts/IPSL-CM6A-LR:r10i1p1f1_2040.nc,IPSL-CM6A-LR,10i1p1f1_2040.nc,1.5953816175460815,1.199130654335022,-0.21172447502613068,-0.0741417407989502,0.046745896339416504
152,trends-TP/cmip6-ts/IPSL-CM6A-LR:r11i1p1f1_2040.nc,IPSL-CM6A-LR,11i1p1f1_2040.nc,1.7531086206436157,1.362582802772522,-0.24764105677604675,-0.1644885540008545,0.020279884338378906
153,trends-TP/cmip6-ts/IPSL-CM6A-LR:r14i1p1f1_2040.nc,IPSL-CM6A-LR,14i1p1f1_2040.nc,1.478060245513916,1.0822298526763916,-0.07094700634479523,-0.0643320083618164,0.08812367916107178
154,trends-TP/cmip6-ts/IPSL-CM6A-LR:r1i1p1f1_2040.nc,IPSL-CM6A-LR,1i1p1f1_2040.nc,1.4476314783096313,1.0721896886825562,-0.3467691242694855,-0.14692282676696777,-0.026090502738952637
155,trends-TP/cmip6-ts/IPSL-CM6A-LR:r22i1p1f1_2040.nc,IPSL-CM6A-LR,22i1p1f1_2040.nc,1.4374381303787231,1.0491795539855957,-0.25310182571411133,-0.07473301887512207,-0.04725337028503418
156,trends-TP/cmip6-ts/IPSL-CM6A-LR:r25i1p1f1_2040.nc,IPSL-CM6A-LR,25i1p1f1_2040.nc,1.8051130771636963,1.4199020862579346,-0.261655330657959,-0.20112216472625732,0.20624768733978271
157,trends-TP/cmip6-ts/IPSL-CM6A-LR:r2i1p1f1_2040.nc,IPSL-CM6A-LR,2i1p1f1_2040.nc,1.483593463897705,1.0925372838974,-0.22339321672916412,-0.07580447196960449,0.025848865509033203
158,trends-TP/cmip6-ts/IPSL-CM6A-LR:r3i1p1f1_2040.nc,IPSL-CM6A-LR,3i1p1f1_2040.nc,1.6366263628005981,1.2442594766616821,-0.09366802126169205,-0.12590563297271729,0.20012712478637695
159,trends-TP/cmip6-ts/IPSL-CM6A-LR:r4i1p1f1_2040.nc,IPSL-CM6A-LR,4i1p1f1_2040.nc,1.5116509199142456,1.1188751459121704,-0.09870126843452454,-0.10379898548126221,0.06526482105255127
160,trends-TP/cmip6-ts/IPSL-CM6A-LR:r5i1p1f1_2040.nc,IPSL-CM6A-LR,5i1p1f1_2040.nc,1.3863869905471802,0.9898104071617126,0.1400136649608612,-0.01878678798675537,0.155936598777771
161,trends-TP/cmip6-ts/IPSL-CM6A-LR:r6i1p1f1_2040.nc,IPSL-CM6A-LR,6i1p1f1_2040.nc,1.502599835395813,1.102561354637146,0.014388945885002613,-0.01395416259765625,0.002366304397583008
162,trends-TP/cmip6-ts/KACE-1-0-G:r1i1p1f1_2040.nc,KACE-1-0-G,1i1p1f1_2040.nc,1.5522805452346802,1.1547561883926392,0.21687160432338715,0.17817652225494385,0.21917617321014404
163,trends-TP/cmip6-ts/KACE-1-0-G:r2i1p1f1_2040.nc,KACE-1-0-G,2i1p1f1_2040.nc,1.6090344190597534,1.2034627199172974,0.24127238988876343,0.09307253360748291,0.16302788257598877
164,trends-TP/cmip6-ts/KACE-1-0-G:r3i1p1f1_2040.nc,KACE-1-0-G,3i1p1f1_2040.nc,1.8225935697555542,1.4268356561660767,-0.10967452824115753,-0.013163447380065918,0.14963459968566895
165,trends-TP/cmip6-ts/KIOST-ESM:r1i1p1f1_2040.nc,KIOST-ESM,1i1p1f1_2040.nc,1.508444905281067,1.1354899406433105,-0.29583021998405457,-0.21301376819610596,-0.29049205780029297
166,trends-TP/cmip6-ts/MIROC-ES2L:r10i1p1f2_2040.nc,MIROC-ES2L,10i1p1f2_2040.nc,1.1528221368789673,0.8506559133529663,-0.16358666121959686,-0.17548871040344238,-0.5691410303115845
167,trends-TP/cmip6-ts/MIROC-ES2L:r11i1p1f2_2040.nc,MIROC-ES2L,11i1p1f2_2040.nc,1.1616355180740356,0.8302276730537415,-0.09444789588451385,-0.11342322826385498,-0.3891674280166626
168,trends-TP/cmip6-ts/MIROC-ES2L:r12i1p1f2_2040.nc,MIROC-ES2L,12i1p1f2_2040.nc,1.2554957866668701,1.0034781694412231,-0.2845463454723358,-0.29801273345947266,-0.9259341955184937
169,trends-TP/cmip6-ts/MIROC-ES2L:r13i1p1f2_2040.nc,MIROC-ES2L,13i1p1f2_2040.nc,1.2159329652786255,0.8504424691200256,-0.3170938789844513,-0.08037245273590088,-0.14261126518249512
170,trends-TP/cmip6-ts/MIROC-ES2L:r14i1p1f2_2040.nc,MIROC-ES2L,14i1p1f2_2040.nc,1.1258431673049927,0.7863484025001526,-0.2002393901348114,-0.10396683216094971,-0.38948869705200195
171,trends-TP/cmip6-ts/MIROC-ES2L:r15i1p1f2_2040.nc,MIROC-ES2L,15i1p1f2_2040.nc,1.0325599908828735,0.6858359575271606,0.027488084509968758,-0.08004623651504517,-0.13605785369873047
172,trends-TP/cmip6-ts/MIROC-ES2L:r16i1p1f2_2040.nc,MIROC-ES2L,16i1p1f2_2040.nc,1.292188286781311,0.9203276038169861,-0.12644632160663605,-0.07998108863830566,-0.26921892166137695
173,trends-TP/cmip6-ts/MIROC-ES2L:r17i1p1f2_2040.nc,MIROC-ES2L,17i1p1f2_2040.nc,1.1192848682403564,0.8351075053215027,-0.006861274130642414,0.0017517805099487305,-0.5849030017852783
174,trends-TP/cmip6-ts/MIROC-ES2L:r18i1p1f2_2040.nc,MIROC-ES2L,18i1p1f2_2040.nc,1.022772192955017,0.6869775652885437,-0.016765987500548363,-0.03753083944320679,-0.3035011887550354
175,trends-TP/cmip6-ts/MIROC-ES2L:r19i1p1f2_2040.nc,MIROC-ES2L,19i1p1f2_2040.nc,1.1449072360992432,0.8059620261192322,0.004713406786322594,0.0006082057952880859,-0.2923159599304199
176,trends-TP/cmip6-ts/MIROC-ES2L:r1i1p1f2_2040.nc,MIROC-ES2L,1i1p1f2_2040.nc,1.207801342010498,0.8343343138694763,-0.09374640136957169,-0.03618311882019043,-0.150557279586792
177,trends-TP/cmip6-ts/MIROC-ES2L:r20i1p1f2_2040.nc,MIROC-ES2L,20i1p1f2_2040.nc,1.0867934226989746,0.7745202779769897,0.07385415583848953,-0.03759342432022095,-0.3398401141166687
178,trends-TP/cmip6-ts/MIROC-ES2L:r21i1p1f2_2040.nc,MIROC-ES2L,21i1p1f2_2040.nc,1.0976996421813965,0.8284868001937866,-0.2689695358276367,-0.14804470539093018,-0.7672995924949646
179,trends-TP/cmip6-ts/MIROC-ES2L:r22i1p1f2_2040.nc,MIROC-ES2L,22i1p1f2_2040.nc,1.0769615173339844,0.7535419464111328,0.0007769205258227885,0.01843726634979248,-0.3919377326965332
180,trends-TP/cmip6-ts/MIROC-ES2L:r23i1p1f2_2040.nc,MIROC-ES2L,23i1p1f2_2040.nc,1.0973116159439087,0.7477567195892334,-0.09619580209255219,-0.03167295455932617,-0.2794530987739563
181,trends-TP/cmip6-ts/MIROC-ES2L:r24i1p1f2_2040.nc,MIROC-ES2L,24i1p1f2_2040.nc,1.2473543882369995,0.9684641361236572,-0.31379231810569763,-0.19545018672943115,-0.8336874842643738
182,trends-TP/cmip6-ts/MIROC-ES2L:r25i1p1f2_2040.nc,MIROC-ES2L,25i1p1f2_2040.nc,1.3251291513442993,0.9659573435783386,-0.21840621531009674,-0.04534590244293213,-0.3790910243988037
183,trends-TP/cmip6-ts/MIROC-ES2L:r26i1p1f2_2040.nc,MIROC-ES2L,26i1p1f2_2040.nc,1.213791847229004,0.9588022232055664,-0.03318186104297638,-0.1660318374633789,-0.7220193147659302
184,trends-TP/cmip6-ts/MIROC-ES2L:r27i1p1f2_2040.nc,MIROC-ES2L,27i1p1f2_2040.nc,1.0541903972625732,0.727932870388031,-0.05387413874268532,-0.11803621053695679,-0.30069905519485474
185,trends-TP/cmip6-ts/MIROC-ES2L:r28i1p1f2_2040.nc,MIROC-ES2L,28i1p1f2_2040.nc,0.9816121459007263,0.7006948590278625,-0.08178209513425827,-0.14660042524337769,-0.4577382802963257
186,trends-TP/cmip6-ts/MIROC-ES2L:r29i1p1f2_2040.nc,MIROC-ES2L,29i1p1f2_2040.nc,1.1225780248641968,0.8017833828926086,-0.24240700900554657,-0.11396634578704834,-0.5735787153244019
187,trends-TP/cmip6-ts/MIROC-ES2L:r2i1p1f2_2040.nc,MIROC-ES2L,2i1p1f2_2040.nc,1.3272355794906616,0.9641735553741455,-0.26934799551963806,-0.09872162342071533,-0.35685932636260986
188,trends-TP/cmip6-ts/MIROC-ES2L:r30i1p1f2_2040.nc,MIROC-ES2L,30i1p1f2_2040.nc,1.1667014360427856,0.7925422787666321,-0.1476595401763916,-0.07828104496002197,-0.032018184661865234
189,trends-TP/cmip6-ts/MIROC-ES2L:r3i1p1f2_2040.nc,MIROC-ES2L,3i1p1f2_2040.nc,1.2589167356491089,0.9055859446525574,-0.2975325882434845,-0.16169440746307373,-0.356156587600708
190,trends-TP/cmip6-ts/MIROC-ES2L:r4i1p1f2_2040.nc,MIROC-ES2L,4i1p1f2_2040.nc,1.2327364683151245,0.9172636866569519,-0.44617360830307007,-0.1998997926712036,-0.6373572945594788
191,trends-TP/cmip6-ts/MIROC-ES2L:r5i1p1f2_2040.nc,MIROC-ES2L,5i1p1f2_2040.nc,1.3384135961532593,0.9766234159469604,-0.1448017656803131,-0.006362318992614746,-0.32581090927124023
192,trends-TP/cmip6-ts/MIROC-ES2L:r6i1p1f2_2040.nc,MIROC-ES2L,6i1p1f2_2040.nc,1.1318124532699585,0.7607285976409912,0.09089703857898712,-0.02064990997314453,-0.12577009201049805
193,trends-TP/cmip6-ts/MIROC-ES2L:r7i1p1f2_2040.nc,MIROC-ES2L,7i1p1f2_2040.nc,1.208720326423645,0.88837069272995,-0.15577663481235504,-0.12780451774597168,-0.47901737689971924
194,trends-TP/cmip6-ts/MIROC-ES2L:r8i1p1f2_2040.nc,MIROC-ES2L,8i1p1f2_2040.nc,1.0447674989700317,0.7217392921447754,-0.012804063968360424,-0.09184867143630981,-0.3171224594116211
195,trends-TP/cmip6-ts/MIROC-ES2L:r9i1p1f2_2040.nc,MIROC-ES2L,9i1p1f2_2040.nc,1.010947346687317,0.7522659301757812,0.06859265267848969,0.0004017353057861328,-0.5465224385261536
196,trends-TP/cmip6-ts/MIROC6:r1i1p1f1_2040.nc,MIROC6,1i1p1f1_2040.nc,1.0032434463500977,0.6929976940155029,-0.3634571135044098,0.021293044090270996,-0.4443153738975525
197,trends-TP/cmip6-ts/MIROC6:r2i1p1f1_2040.nc,MIROC6,2i1p1f1_2040.nc,1.0359077453613281,0.7308095693588257,-0.5934021472930908,-0.040540456771850586,-0.49622994661331177
198,trends-TP/cmip6-ts/MIROC6:r3i1p1f1_2040.nc,MIROC6,3i1p1f1_2040.nc,0.9602816104888916,0.6965459585189819,-0.19168072938919067,-0.0669822096824646,-0.5926539301872253
199,trends-TP/cmip6-ts/MPI-ESM1-2-HR:r1i1p1f1_2040.nc,MPI-ESM1-2-HR,1i1p1f1_2040.nc,0.9124719500541687,0.5960668921470642,-0.2629522979259491,-0.015737056732177734,-0.3161041736602783
200,trends-TP/cmip6-ts/MPI-ESM1-2-HR:r2i1p1f1_2040.nc,MPI-ESM1-2-HR,2i1p1f1_2040.nc,0.9828104972839355,0.6198676228523254,0.04996610805392265,0.13975238800048828,-0.12404918670654297
201,trends-TP/cmip6-ts/MPI-ESM1-2-LR:r10i1p1f1_2040.nc,MPI-ESM1-2-LR,10i1p1f1_2040.nc,1.0404115915298462,0.6710100769996643,-0.02580798603594303,-0.012004733085632324,0.14533603191375732
202,trends-TP/cmip6-ts/MPI-ESM1-2-LR:r1i1p1f1_2040.nc,MPI-ESM1-2-LR,1i1p1f1_2040.nc,1.0359524488449097,0.6535502672195435,0.256437212228775,0.04981982707977295,0.19095289707183838
203,trends-TP/cmip6-ts/MPI-ESM1-2-LR:r2i1p1f1_2040.nc,MPI-ESM1-2-LR,2i1p1f1_2040.nc,1.0590996742248535,0.7085593342781067,0.21847790479660034,0.01953268051147461,0.6299364566802979
204,trends-TP/cmip6-ts/MPI-ESM1-2-LR:r3i1p1f1_2040.nc,MPI-ESM1-2-LR,3i1p1f1_2040.nc,0.8181537985801697,0.5311775803565979,-0.18943481147289276,-0.038645386695861816,-0.43542689085006714
205,trends-TP/cmip6-ts/MPI-ESM1-2-LR:r4i1p1f1_2040.nc,MPI-ESM1-2-LR,4i1p1f1_2040.nc,0.7765427827835083,0.4731229841709137,-0.22056123614311218,-0.029167592525482178,-0.16284489631652832
206,trends-TP/cmip6-ts/MPI-ESM1-2-LR:r5i1p1f1_2040.nc,MPI-ESM1-2-LR,5i1p1f1_2040.nc,1.030132532119751,0.6416404247283936,0.3934085965156555,0.058765947818756104,0.2448136806488037
207,trends-TP/cmip6-ts/MPI-ESM1-2-LR:r6i1p1f1_2040.nc,MPI-ESM1-2-LR,6i1p1f1_2040.nc,0.9086281657218933,0.5406965017318726,0.26244738698005676,0.019335687160491943,-0.06445235013961792
208,trends-TP/cmip6-ts/MPI-ESM1-2-LR:r7i1p1f1_2040.nc,MPI-ESM1-2-LR,7i1p1f1_2040.nc,1.0102133750915527,0.6271733641624451,0.3241094946861267,0.03579246997833252,0.21688145399093628
209,trends-TP/cmip6-ts/MPI-ESM1-2-LR:r8i1p1f1_2040.nc,MPI-ESM1-2-LR,8i1p1f1_2040.nc,1.0567362308502197,0.7171543836593628,-0.43640366196632385,-0.13829708099365234,-0.313460111618042
210,trends-TP/cmip6-ts/MPI-ESM1-2-LR:r9i1p1f1_2040.nc,MPI-ESM1-2-LR,9i1p1f1_2040.nc,0.7843403816223145,0.4365333914756775,0.2524644434452057,0.08143109083175659,0.049837589263916016
211,trends-TP/cmip6-ts/MRI-ESM2-0:r1i1p1f1_2040.nc,MRI-ESM2-0,1i1p1f1_2040.nc,1.1566646099090576,0.7823583483695984,0.032003238797187805,-0.11859738826751709,0.1483081579208374
212,trends-TP/cmip6-ts/NESM3:r1i1p1f1_2040.nc,NESM3,1i1p1f1_2040.nc,1.2228095531463623,0.8230299353599548,0.39770567417144775,0.14050066471099854,0.1050797700881958
213,trends-TP/cmip6-ts/NESM3:r2i1p1f1_2040.nc,NESM3,2i1p1f1_2040.nc,1.033816933631897,0.6521902084350586,0.2845686674118042,0.1588916778564453,0.05656617879867554
214,trends-TP/cmip6-ts/NorESM2-LM:r1i1p1f1_2040.nc,NorESM2-LM,1i1p1f1_2040.nc,0.9048694372177124,0.7503367066383362,-0.11596348881721497,-0.11564594507217407,-0.046535611152648926
215,trends-TP/cmip6-ts/NorESM2-LM:r2i1p1f1_2040.nc,NorESM2-LM,2i1p1f1_2040.nc,0.9983824491500854,0.7740997672080994,-0.21998253464698792,-0.12215739488601685,-0.1861991286277771
216,trends-TP/cmip6-ts/NorESM2-LM:r3i1p1f1_2040.nc,NorESM2-LM,3i1p1f1_2040.nc,0.9982194304466248,0.859250545501709,-0.30031684041023254,-0.2773761749267578,-0.4069907069206238
217,trends-TP/cmip6-ts/NorESM2-MM:r1i1p1f1_2040.nc,NorESM2-MM,1i1p1f1_2040.nc,1.0203264951705933,0.6598814725875854,0.39654529094696045,0.16806787252426147,0.18850600719451904
218,trends-TP/cmip6-ts/NorESM2-MM:r2i1p1f1_2040.nc,NorESM2-MM,2i1p1f1_2040.nc,0.9071142673492432,0.5785126090049744,0.311793714761734,0.16024601459503174,-0.0054280757904052734
219,trends-TP/cmip6-ts/TaiESM1:r1i1p1f1_2040.nc,TaiESM1,1i1p1f1_2040.nc,1.3821611404418945,0.9911463260650635,0.11172626912593842,-0.1604527235031128,0.06496608257293701
220,trends-TP/cmip6-ts/UKESM1-0-LL:r13i1p1f2_2040.nc,UKESM1-0-LL,13i1p1f2_2040.nc,1.634788155555725,1.2440767288208008,-0.09525871276855469,-0.030533194541931152,-0.15227198600769043
221,trends-TP/cmip6-ts/UKESM1-0-LL:r1i1p1f2_2040.nc,UKESM1-0-LL,1i1p1f2_2040.nc,1.8888643980026245,1.493223786354065,-0.45365890860557556,-0.087882399559021,-0.09534144401550293
222,trends-TP/cmip6-ts/UKESM1-0-LL:r2i1p1f2_2040.nc,UKESM1-0-LL,2i1p1f2_2040.nc,1.71193528175354,1.3157600164413452,-0.19304807484149933,-0.03854191303253174,-0.13901281356811523
223,trends-TP/cmip6-ts/UKESM1-0-LL:r3i1p1f2_2040.nc,UKESM1-0-LL,3i1p1f2_2040.nc,1.7100656032562256,1.3224886655807495,-0.40161481499671936,-0.02702796459197998,-0.16857516765594482
224,trends-TP/cmip6-ts/UKESM1-0-LL:r4i1p1f2_2040.nc,UKESM1-0-LL,4i1p1f2_2040.nc,1.5150376558303833,1.1155608892440796,0.14782355725765228,0.025308966636657715,0.07928025722503662
225,trends-TP/cmip6-ts/UKESM1-0-LL:r8i1p1f2_2040.nc,UKESM1-0-LL,8i1p1f2_2040.nc,2.0659685134887695,1.689015507698059,-0.4197565019130707,-0.15619611740112305,-0.05459165573120117
